n_points,dbscan_seconds,ss_dbscan_seconds
1000,0.040942,0.034088
2000,0.150909,0.117618
4000,0.464968,0.317987
8000,2.669778,1.209715
