n_points,dbscan_seconds,ss_dbscan_seconds
180,0.001562,0.001340
300,0.004540,0.004027
420,0.007249,0.007632
540,0.013304,0.011124
